NAME,NCOMP,MSINI(mjupiter),A(au),PER(day),ECC,OM(deg),T0(jd),K(m/s),BINARY
55 Cnc b,5,0.801471,0.113377,14.651,0.004,110,2453035,71.11,1
55 Cnc c,5,0.164558,0.237305,44.38,0.07,356,2453083,10.12,1
55 Cnc d,5,3.54451,5.47467,4909,0.02,254,2453490,45.2,1
55 Cnc e,5,0.0261924,0.0154393,0.736546,0,90,2455568.011,6.3,1
55 Cnc f,5,0.172877,0.773567,261.2,0.32,139,2450080.911,6.2,1
61 Vir b,3,0.016075,0.05006,4.215,0.12,105,2453367.222,2.12,0
61 Vir c,3,0.0333747,0.216926,38.021,0.14,341,2453350.472,2.12,0
61 Vir d,3,0.0715929,0.474527,123.01,0.35,314,2453350.031,3.25,0
